codigo_producto,caja_grosor_mm,caja_exterior_largo,caja_exterior_ancho,caja_exterior_alto
BR0001,4.1,394.2,294.2,326.2
BR0002,2.7,400.0,301.4,291.4
BR0003,4.1,396.2,296.2,177.2
BR0004,2.7,400.0,301.4,250.4
BR0005,4.1,396.2,296.2,281.2
BR0006,4.1,394.2,294.2,296.2
BR0007,2.7,400.0,301.4,296.4
BR0008,2.7,400.0,297.4,199.4
BR0009,2.7,400.0,297.4,199.4
BR0010,4.1,396.2,296.2,177.2
BR0011,2.7,400.0,301.4,291.4
BR0012,2.7,400.0,299.4,219.4
BR0013,2.7,400.0,301.4,250.4
BR0014,2.7,400.0,297.4,250.4
BR0015,2.7,400.0,297.4,250.4
BR0016,2.7,400.0,297.4,250.4
BR0017,2.7,400.0,301.4,250.4
BR0018,4.1,394.2,294.2,296.2
BR0019,2.5,398.0,260.0,265.0
BR0020,2.7,398.4,260.4,219.4
BR0021,2.7,398.4,260.4,219.4
BR0022,2.7,398.4,260.4,250.4
BR0023,2.7,398.4,260.4,199.4
BR0024,2.7,398.4,260.4,250.4
BR0025,2.7,400.0,297.4,199.4
BR0026,2.7,398.4,299.4,229.4
BR0027,4.1,394.2,294.2,179.2
BR0028,2.7,398.4,299.4,229.4
BR0029,4.1,394.2,294.2,179.2
BR0030,2.7,400.0,301.4,178.4
BR0031,4.1,396.2,296.2,177.2
BR0032,4.1,396.2,296.2,177.2
BR0033,2.7,400.0,297.4,199.4
BR0034,2.7,398.4,260.4,199.4
BR0035,2.7,400.0,301.4,224.4
BR0036,4.1,396.2,296.2,177.2
BR0037,2.7,398.4,260.4,250.4
BR0038,2.7,398.4,260.4,250.4
BR0039,2.7,398.4,260.4,250.4
BR0040,2.7,398.4,260.4,250.4
BR0041,2.7,398.4,260.4,250.4
BR0042,2.7,398.4,260.4,199.4
BR0043,2.7,398.4,260.4,153.4
BR0044,2.7,398.4,260.4,153.4
BR0045,4.6,384.2,191.2,161.2
BR0046,2.7,398.4,260.4,153.4
BR0047,2.7,398.4,260.4,153.4
BR0048,2.7,398.4,260.4,250.4
BR0049,2.7,398.4,260.4,250.4
BR0050,2.7,398.4,260.4,224.4
BR0051,2.7,398.4,260.4,250.4
BR0052,2.7,398.4,260.4,250.4
BR0053,2.7,398.4,260.4,224.4
BR0054,2.7,398.4,260.4,250.4
BR0055,2.7,398.4,260.4,250.4
BR0056,2.7,398.4,260.4,250.4
BR0057,2.7,398.4,260.4,250.4
BR0058,4.6,384.2,191.2,161.2
BR0059,2.7,398.4,260.4,250.4
BR0060,2.7,398.4,260.4,250.4
BR0061,2.7,398.4,260.4,250.4
BR0062,2.7,398.4,260.4,250.4
BR0063,2.7,398.4,260.4,250.4
BR0064,2.7,398.4,260.4,250.4
BR0065,4.1,396.2,296.2,177.2
BR0066,4.1,396.2,296.2,177.2
BR0067,2.5,398.0,260.0,255.0
BR0068,2.7,400.0,299.4,219.4
BR0069,2.7,398.4,260.4,219.4
BR0070,2.7,398.4,260.4,219.4
BR0071,2.7,398.4,260.4,224.4
BR0072,2.7,398.4,260.4,224.4
BR0073,4.1,396.2,296.2,177.2
BR0074,2.7,400.0,301.4,250.4
BR0075,2.7,400.0,301.4,291.4
BR0076,2.7,398.4,260.4,178.4
BR0077,4.1,396.2,296.2,281.2
BR0078,2.7,400.0,301.4,291.4
BR0079,2.7,398.4,260.4,296.4
BR0080,2.7,398.4,260.4,296.4
BR0081,2.7,398.4,260.4,296.4
BR0082,2.7,400.0,301.4,291.4
BR0083,2.7,400.0,301.4,291.4
BR0084,2.7,398.4,260.4,296.4
BR0085,2.7,398.4,260.4,296.4
BR0086,2.7,398.4,260.4,250.4
BR0087,2.7,398.4,260.4,219.4
BR0088,2.7,398.4,260.4,250.4
BR0089,2.7,398.4,260.4,250.4
BR0090,2.7,398.4,260.4,219.4
BR0091,2.7,398.4,260.4,219.4
BR0092,2.5,398.0,260.0,255.0
BR0092XL,2.7,398.4,299.4,229.4
BR0093,2.5,398.0,260.0,255.0
BR0094,2.7,398.4,260.4,250.4
BR0095,2.7,398.4,260.4,250.4
BR0096,2.7,398.4,260.4,219.4
BR0097,2.7,398.4,260.4,219.4
BR0098,2.7,398.4,260.4,219.4
BR0099,2.7,398.4,260.4,219.4
BR0100,2.7,400.0,297.4,199.4
BR0101,4.1,396.2,296.2,197.2
BR0102,2.7,400.0,301.4,199.4
BR0103,2.7,400.0,299.4,219.4
BR0104,2.7,400.0,299.4,219.4
BR0105,2.7,400.0,297.4,199.4
BR0106,2.7,398.4,260.4,250.4
BR0107,2.7,398.4,260.4,250.4
BR0108,2.7,400.0,301.4,306.4
BR0109,2.7,400.0,301.4,311.4
BR0110,2.7,398.4,260.4,250.4
BR0111,2.7,398.4,260.4,219.4
BR0112,2.7,398.4,260.4,219.4
BR0113,2.7,400.0,301.4,291.4
BR0114,2.5,400.0,301.0,260.0
BR0115,4.1,394.2,294.2,296.2
BR0116,4.1,396.2,296.2,177.2
BR0117,4.1,396.2,296.2,281.2
BR0118,2.7,400.0,301.4,224.4
BR0119,2.7,400.0,301.4,199.4
BR0120,2.7,398.4,299.4,229.4
BR0121,4.1,396.2,296.2,356.2
BR0122,2.7,400.0,301.4,357.4
BR0123,4.1,394.2,294.2,296.2
BR0124,2.7,400.0,301.4,357.4
BR0125,2.7,400.0,299.4,219.4
BR0126,4.1,396.2,296.2,281.2
BR0127,2.7,400.0,299.4,219.4
BR0128,2.7,398.4,260.4,219.4
BR0129,2.7,398.4,260.4,219.4
BR0130,2.7,400.0,301.4,255.4
BR0131,2.7,400.0,301.4,291.4
BR0132,2.7,400.0,250.4,235.4
BR0133,2.7,400.0,250.4,235.4
BR0134,4.1,396.2,296.2,281.2
BR0135,4.1,396.2,296.2,281.2
BR0136,4.6,388.2,294.2,298.2
BR0136XL,4.6,388.2,294.2,298.2
BR0137,2.5,400.0,269.0,335.0
BR0138,2.7,398.4,260.4,153.4
BR0139,2.7,400.0,301.4,291.4
BR0140,2.7,400.0,297.4,250.4
BR0141,2.7,400.0,297.4,250.4
BR0142,4.1,394.2,294.2,326.2
BR0143,4.1,396.2,296.2,281.2
BR0144,2.7,398.4,299.4,229.4
BR0145,2.7,400.0,297.4,199.4
BR0146,2.7,400.0,301.4,178.4
BR0147,2.7,400.0,299.4,219.4
BR0148,2.7,400.0,297.4,199.4
BR0149,4.1,396.2,296.2,197.2
BR0150,2.7,400.0,297.4,199.4
BR0151,2.7,400.0,297.4,250.4
BR0152,2.7,400.0,299.4,219.4
BR0153,2.7,400.0,297.4,250.4
BR0154,2.7,400.0,299.4,219.4
BR0155,2.7,400.0,299.4,219.4
BR0156,4.1,396.2,296.2,197.2
BR0157,4.1,396.2,296.2,281.2
BR0158,4.1,396.2,296.2,177.2
BR0159,4.1,396.2,296.2,177.2
BR0160,4.1,396.2,296.2,177.2
BR0161,2.7,400.0,297.4,199.4
BR0162,2.7,400.0,297.4,250.4
BR0163,2.7,400.0,299.4,219.4
BR0164,4.1,396.2,296.2,157.2
BR0165,2.7,400.0,297.4,199.4
BR0166,4.1,396.2,296.2,157.2
BR0167,2.7,400.0,301.4,153.4
BR0168,2.7,400.0,299.4,219.4
BR0169,2.7,400.0,299.4,219.4
BR0170,4.1,396.2,296.2,157.2
BR0171,4.1,396.2,296.2,177.2
BR0172,2.7,400.0,297.4,250.4
BR0173,2.7,400.0,299.4,219.4
BR0174,4.1,396.2,296.2,177.2
BR0175,4.1,394.2,294.2,296.2
BR0176,2.7,398.4,260.4,178.4
BR0177,2.7,398.4,260.4,178.4
BR0178,2.7,398.4,260.4,178.4
BR0179,4.1,396.2,296.2,157.2
BR0180,2.7,398.4,260.4,178.4
BR0181,2.7,398.4,260.4,178.4
BR0182,2.7,400.0,297.4,250.4
BR0183,2.7,398.4,260.4,224.4
BR0184,2.7,400.0,297.4,199.4
BR0185,2.7,398.4,260.4,296.4
BR0186,2.7,400.0,299.4,219.4
BR0187,2.7,398.4,260.4,296.4
BR0188,2.7,400.0,297.4,199.4
BR0189,2.7,398.4,260.4,250.4
BR0190,2.7,398.4,260.4,250.4
BR0191,2.7,398.4,260.4,224.4
BR0192,2.7,398.4,260.4,219.4
BR0193,2.7,398.4,260.4,296.4
BR0194,2.7,400.0,301.4,291.4
BR0195,2.7,400.0,301.4,296.4
BR0196,4.1,396.2,296.2,281.2
BR0197,2.7,400.0,297.4,199.4
BR0198,2.7,400.0,297.4,199.4
BR0199,2.7,398.4,299.4,229.4
BR0200,4.1,394.2,294.2,179.2
BR0201,2.7,400.0,301.4,224.4
BR0202,4.1,396.2,296.2,177.2
BR0203,2.7,398.4,260.4,219.4
BR0204,2.7,398.4,260.4,250.4
BR0205,2.7,400.0,297.4,250.4
BR0206,2.7,400.0,299.4,219.4
BR0207,2.7,400.0,299.4,219.4
BR0208,2.7,398.4,260.4,250.4
BR0209,2.7,400.0,297.4,199.4
BR0209XL,2.7,400.0,297.4,199.4
BR0210,4.1,396.2,296.2,177.2
BR0211,4.1,396.2,296.2,177.2
BR0212,4.1,396.2,296.2,361.2
BR0213,2.7,400.0,301.4,199.4
BR0214,2.7,400.0,301.4,199.4
BR0215,2.7,400.0,301.4,199.4
BR0216,2.7,398.4,260.4,178.4
BR0217,2.7,400.0,301.4,178.4
BR0218,4.1,396.2,296.2,177.2
BR0219,2.7,400.0,301.4,178.4
BR0220,2.7,398.4,260.4,199.4
BR0221,2.7,398.4,260.4,178.4
BR0222,2.7,398.4,260.4,219.4
BR0223,2.7,398.4,260.4,199.4
BR0224,2.7,398.4,260.4,153.4
BR0225,4.1,391.2,256.2,162.2
BR0226,2.7,398.4,260.4,199.4
BR0227,2.7,398.4,260.4,199.4
BR0228,2.7,398.4,260.4,199.4
BR0229,2.7,398.4,260.4,219.4
BR0230,2.7,400.0,301.4,143.4
BR0231,2.7,400.0,301.4,178.4
BR0232,4.1,396.2,296.2,281.2
BR0233,2.7,400.0,301.4,296.4
BR0234,2.7,398.4,260.4,199.4
BR0235,2.7,398.4,260.4,296.4
BR0236,2.5,398.0,260.0,265.0
BR0237,2.7,400.0,297.4,250.4
BR0238,4.1,396.2,296.2,281.2
BR0239,2.5,398.0,260.0,265.0
BR0240,2.5,398.0,260.0,265.0
BR0241,4.1,396.2,296.2,281.2
BR0242,4.1,396.2,296.2,281.2
BR0243,4.1,394.2,294.2,296.2
BR0244,4.1,396.2,296.2,281.2
BR0245,2.7,398.4,260.4,250.4
BR0246,2.7,398.4,260.4,250.4
BR0247,2.5,400.0,269.0,335.0
BR0248,2.5,400.0,269.0,335.0
BR0249,4.1,394.2,294.2,296.2
BR0250,4.1,394.2,294.2,296.2
BR0251,2.5,400.0,269.0,335.0
BR0252,2.5,400.0,269.0,335.0
BR0253,2.5,400.0,269.0,335.0
BR0254,2.5,400.0,269.0,335.0
BR0255,4.1,387.2,276.2,371.2
BR0256,4.1,387.2,276.2,371.2
BR0257,4.1,394.2,294.2,296.2
BR0258,4.1,394.2,294.2,296.2
BR0259,2.7,398.4,260.4,250.4
BR0260,2.7,398.4,260.4,219.4
BR0261,2.7,398.4,260.4,199.4
BR0262,2.7,398.4,260.4,199.4
BR0263,2.7,398.4,260.4,199.4
BR0264,2.7,398.4,260.4,219.4
BR0265,2.7,398.4,260.4,199.4
BR0266,2.7,400.0,301.4,255.4
BR0267,2.5,400.0,269.0,335.0
BR0268,2.7,400.0,297.4,199.4
BR0269,2.7,400.0,297.4,199.4
BR0270,2.7,400.0,297.4,199.4
BR0271,2.7,400.0,299.4,219.4
BR0272,2.7,400.0,297.4,250.4
BR0273,2.7,400.0,299.4,219.4
BR0274,4.1,396.2,296.2,281.2
BR0275,4.1,396.2,296.2,177.2
BR0276,4.1,396.2,296.2,177.2
BR0277,4.1,394.2,294.2,296.2
BR0278,4.1,394.2,294.2,296.2
BR0279,4.1,396.2,296.2,281.2
BR0280,4.1,396.2,296.2,281.2
BR0281,2.7,400.0,297.4,250.4
BR0282,2.7,400.0,301.4,260.4
BR0283,2.7,400.0,297.4,250.4
BR0284,2.7,400.0,299.4,219.4
BR0285,4.1,396.2,296.2,177.2
BR0286,2.7,400.0,297.4,199.4
BR0287,4.1,394.2,294.2,296.2
BR0288,2.7,400.0,250.4,219.4
BR0289,2.7,398.4,260.4,219.4
BR0290,2.7,400.0,301.4,296.4
BR0291,2.7,400.0,301.4,199.4
BR0292,2.7,400.0,301.4,291.4
BR0293,2.7,398.4,299.4,229.4
BR0294,2.7,400.0,301.4,178.4
BR0295,2.7,400.0,301.4,250.4
BR0296,2.7,400.0,301.4,250.4
BR0297,4.1,396.2,296.2,157.2
BR0298,4.1,396.2,296.2,157.2
BR0299,2.7,398.4,299.4,229.4
BR0300,2.7,398.4,260.4,219.4
BR0301,2.5,398.0,260.0,265.0
BR0302,2.7,398.4,260.4,219.4
BR0303,2.7,398.4,260.4,153.4
BR0304,2.7,398.4,260.4,178.4
BR0305,4.1,396.2,296.2,281.2
BR0306,4.1,396.2,296.2,281.2
BR0307,4.1,396.2,296.2,281.2
BR0308,2.7,400.0,299.4,219.4
BR0309,4.1,396.2,296.2,177.2
BR0310,2.7,398.4,260.4,296.4
BR0310XL,2.7,398.4,302.4,262.4
BR0311,2.7,400.0,301.4,224.4
BR0312,2.7,400.0,301.4,224.4
BR0313,2.7,400.0,301.4,224.4
BR0314,2.7,400.0,297.4,199.4
BR0314XL,2.7,400.0,297.4,199.4
BR0315,4.1,394.2,294.2,179.2
BR0316,4.1,396.2,296.2,177.2
BR0317,4.1,396.2,296.2,177.2
BR0318,2.7,400.0,297.4,199.4
BR0319,4.1,396.2,296.2,177.2
BR0320,2.7,400.0,299.4,219.4
BR0321,2.7,398.4,260.4,250.4
BR0322,2.7,400.0,297.4,250.4
BR0323,2.7,400.0,301.4,250.4
BR0324,2.7,398.4,260.4,199.4
BR0325,2.7,398.4,260.4,296.4
BR0326,2.5,398.0,260.0,265.0
BR0327,2.7,398.4,260.4,296.4
BR0328,2.7,398.4,260.4,219.4
BR0329,2.7,398.4,260.4,250.4
BR0330,2.7,398.4,260.4,219.4
BR0331,2.7,398.4,260.4,250.4
BR0332,2.5,398.0,260.0,265.0
BR0333,2.7,400.0,299.4,219.4
BR0334,2.7,398.4,260.4,250.4
BR0335,2.7,398.4,260.4,250.4
BR0336,2.7,400.0,297.4,199.4
BR0337,2.7,398.4,260.4,219.4
BR0338,4.1,396.2,296.2,197.2
BR0339,2.5,398.0,260.0,255.0
BR0340,2.7,398.4,260.4,250.4
BR0340XL,2.7,398.4,260.4,250.4
BR0341,2.7,398.4,260.4,219.4
BR0342,2.7,398.4,260.4,250.4
BR0343,2.5,400.0,269.0,335.0
BR0344,2.7,398.4,260.4,296.4
BR0345,4.5,400.0,301.0,325.0
BR0346,2.7,400.0,297.4,250.4
BR0347,2.7,400.0,297.4,250.4
BR0348,4.1,394.2,294.2,326.2
BR0349,2.7,400.0,301.4,250.4
BR0350,2.7,400.0,299.4,219.4
BR0351,2.7,400.0,299.4,219.4
BR0352,2.7,398.4,260.4,296.4
BR0353,2.7,398.4,260.4,250.4
BR0354,2.7,398.4,260.4,296.4
BR0355,2.7,398.4,260.4,219.4
BR0356,2.7,398.4,260.4,296.4
BR0357,2.7,398.4,260.4,250.4
BR0358,2.7,400.0,301.4,250.4
BR0359,2.7,398.4,260.4,250.4
BR0360,2.7,400.0,299.4,219.4
BR0361,4.1,396.2,296.2,177.2
BR0362,2.7,400.0,301.4,291.4
BR0363,4.1,396.2,296.2,281.2
BR0364,2.7,400.0,301.4,224.4
BR0365,2.7,400.0,297.4,199.4
BR0366,2.7,400.0,299.4,219.4
BR0367,2.7,400.0,299.4,219.4
BR0368,2.7,400.0,297.4,199.4
BR0369,2.7,400.0,301.4,291.4
BR0370,2.7,400.0,301.4,250.4
BR0371,2.7,400.0,301.4,250.4
BR0372,2.7,400.0,301.4,255.4
BR0373,2.7,400.0,301.4,291.4
BR0374,2.7,400.0,301.4,250.4
BR0375,4.1,396.2,296.2,281.2
BR0376,2.7,400.0,299.4,255.4
BR0377,2.7,400.0,299.4,255.4
BR0378,2.5,398.0,260.0,255.0
BR0379,2.5,398.0,260.0,255.0
BR0380,2.5,398.0,260.0,255.0
BR0381,2.7,398.4,260.4,250.4
BR0382,2.7,398.4,260.4,250.4
BR0383,2.7,398.4,260.4,250.4
BR0384,2.7,398.4,260.4,219.4
BR0385,2.7,398.4,260.4,219.4
BR0386,2.7,400.0,297.4,250.4
BR0387,2.7,400.0,299.4,219.4
BR0388,2.7,398.4,260.4,250.4
BR0389,2.7,398.4,260.4,224.4
BR0390,2.5,398.0,260.0,255.0
BR0391,2.7,398.4,260.4,199.4
BR0392,2.7,400.0,301.4,178.4
BR0393,2.7,398.4,260.4,199.4
BR0394,2.7,398.4,260.4,199.4
BR0395,2.7,398.4,260.4,199.4
BR0396,2.7,400.0,299.4,219.4
BR0397,2.7,400.0,301.4,224.4
BR0398,2.7,400.0,299.4,219.4
BR0399,4.1,394.2,294.2,326.2
BR0400,4.5,400.0,301.0,325.0
BR0401,2.7,400.0,301.4,199.4
BR0402,4.1,396.2,296.2,197.2
BR0403,2.5,400.0,269.0,335.0
BR0404,2.7,398.4,260.4,250.4
BR0405,2.7,400.0,297.4,199.4
BR0406,4.1,394.2,294.2,326.2
BR0407,4.1,396.2,296.2,281.2
BR0408,4.1,394.2,294.2,326.2
BR0409,2.7,398.4,260.4,250.4
BR0410,4.1,394.2,294.2,296.2
BR0411,2.7,400.0,299.4,219.4
BR0412,2.7,400.0,297.4,250.4
BR0413,2.7,400.0,297.4,250.4
BR0414,2.7,400.0,297.4,199.4
BR0415,2.5,398.0,260.0,265.0
BR0416,2.7,400.0,297.4,199.4
BR0417,2.7,398.4,260.4,250.4
BR0418,2.7,398.4,260.4,250.4
BR0419,2.7,400.0,301.4,178.4
BR0420,2.7,398.4,260.4,219.4
BR0421,2.7,398.4,260.4,250.4
